Squad,Season,League,Pts,GD,PtsPerc,GDPerc,UEFAScore,Transfers,CSI
Valencia,20-21,LaLiga,43,-3,33.6,56.2,0,0.05,31.43
Athletic Club,19-20,LaLiga,51,3,56.7,64.3,0,0.0,42.35
Athletic Club,22-23,LaLiga,51,4,56.7,66.3,0,0.0,43.05
Rayo Vallecano,24-25,LaLiga,52,-4,59.2,54.2,0,0.0,39.69
Athletic Club,21-22,LaLiga,55,7,65.3,69.8,0,0.0,47.285
Athletic Club,16-17,LaLiga,63,10,77.3,73.3,15,0.0,57.21
Real Betis,20-21,LaLiga,61,0,74.8,62.3,0,0.0,47.985
Real Madrid,20-21,LaLiga,84,39,92.9,90.4,80,0.0,88.155
Levante,20-21,LaLiga,41,-11,21.6,31.6,0,0.0,18.62
Sevilla,25-26,LaLiga,43,-14,33.6,25.1,0,0.25,20.545
Real Sociedad,21-22,LaLiga,62,3,76.3,64.3,25,2.5,56.71
Osasuna,22-23,LaLiga,53,-5,60.8,52.2,0,2.0,39.55
Getafe,25-26,LaLiga,51,-6,56.7,47.7,0,1.8,36.54
Real Betis,21-22,LaLiga,65,22,78.8,81.9,25,4.21,63.745
Celta Vigo,20-21,LaLiga,53,-2,60.8,58.2,0,3.0,41.65
Mallorca,24-25,LaLiga,48,-9,48.7,40.2,0,2.35,31.115
Sevilla,24-25,LaLiga,41,-13,21.6,27.6,0,0.9,17.22
Villarreal,22-23,LaLiga,64,19,77.8,78.8,10,6.48,57.81
Valencia,24-25,LaLiga,46,-10,41.7,37.1,0,2.87,27.58
Rayo Vallecano,25-26,LaLiga,50,-3,54.2,56.2,35,7.1,49.14
Celta Vigo,19-20,LaLiga,37,-12,13,28.6,0,1.4,14.56
Alaves,16-17,LaLiga,55,-2,65.3,58.2,0,6.33,43.225
Real Sociedad,20-21,LaLiga,62,21,76.3,81.4,15,10.0,59.695
Eibar,16-17,LaLiga,54,5,63.8,67.3,0,8.6,45.885
Villarreal,23-24,LaLiga,53,0,60.8,62.3,35,11.0,53.585
Osasuna,24-25,LaLiga,52,-4,59.2,54.2,0,8.05,39.69
Real Madrid,19-20,LaLiga,87,45,95.9,93.9,60,18.45,84.43
Athletic Club,23-24,LaLiga,68,24,79.8,83.9,0,12.5,57.295
Eibar,18-19,LaLiga,47,-4,47.2,54.2,0,8.0,35.49
Alaves,17-18,LaLiga,47,-10,47.2,37.1,0,6.55,29.505
Rayo Vallecano,21-22,LaLiga,42,-11,26.6,31.6,0,4.3,20.37
Athletic Club,24-25,LaLiga,70,25,81.4,84.9,45,18.0,71.705
Celta Vigo,24-25,LaLiga,55,2,65.3,63.8,0,11.2,45.185
Celta Vigo,16-17,LaLiga,45,-16,39.6,21.1,45,8.4,34.745
Levante,21-22,LaLiga,35,-25,10.5,8.5,0,0.88,6.65
Celta Vigo,25-26,LaLiga,54,5,63.8,67.3,35,15.0,56.385
Celta Vigo,17-18,LaLiga,49,-1,49.7,60.3,0,10.0,38.5
Girona,17-18,LaLiga,51,-9,56.7,40.2,0,8.75,33.915
Getafe,17-18,LaLiga,55,9,65.3,72.8,0,12.9,48.335
Celta Vigo,21-22,LaLiga,46,0,41.7,62.3,0,10.02,36.4
Real Sociedad,24-25,LaLiga,46,-11,41.7,31.6,25,9.2,33.155
Eibar,17-18,LaLiga,51,-6,56.7,47.7,0,10.25,36.54
Real Madrid,16-17,LaLiga,93,65,98.4,98.9,100,30.0,99.055
Barcelona,25-26,LaLiga,94,59,99.4,97.4,70,27.5,89.88
Athletic Club,20-21,LaLiga,46,4,41.7,66.3,0,11.13,37.8
Osasuna,23-24,LaLiga,45,-11,39.6,31.6,0,7.0,24.92
Real Sociedad,18-19,LaLiga,50,-1,54.2,60.3,0,12.0,40.075
Real Madrid,21-22,LaLiga,86,49,94.4,95.4,100,31.0,96.43
Osasuna,19-20,LaLiga,52,-8,59.2,43.2,0,11.24,35.84
Levante,25-26,LaLiga,42,-14,26.6,25.1,0,5.2,18.095
Alaves,18-19,LaLiga,50,-11,54.2,31.6,0,10.0,30.03
Espanyol,21-22,LaLiga,42,-13,26.6,27.6,0,6.0,18.97
Leganes,24-25,LaLiga,40,-17,19.5,18.5,0,3.93,13.3
Las Palmas,16-17,LaLiga,39,-21,16.5,13,0,2.9,10.325
Osasuna,21-22,LaLiga,47,-14,47.2,25.1,0,8.7,25.305
Real Betis,23-24,LaLiga,57,3,68.8,64.3,25,20.4,54.085
Atletico Madrid,22-23,LaLiga,77,37,88.9,89.4,45,29.5,75.905
Atletico Madrid,23-24,LaLiga,76,27,86.9,86.9,70,32.0,81.83
Osasuna,20-21,LaLiga,44,-11,37.6,31.6,0,9.15,24.22
Espanyol,16-17,LaLiga,56,-1,67.3,60.3,0,18.4,44.66
Mallorca,25-26,LaLiga,42,-10,26.6,37.1,0,8.8,22.295
Real Sociedad,16-17,LaLiga,64,6,77.8,68.8,0,21.63,51.31
Real Madrid,17-18,LaLiga,76,50,86.9,95.9,100,40.5,93.98
Malaga,16-17,LaLiga,46,-6,41.7,47.7,0,13.04,31.29
Levante,19-20,LaLiga,49,-6,49.7,47.7,0,14.45,34.09
Valencia,22-23,LaLiga,42,-3,26.6,56.2,0,12.5,28.98
Granada,19-20,LaLiga,56,7,67.3,69.8,0,21.5,47.985
Rayo Vallecano,22-23,LaLiga,49,-8,49.7,43.2,0,14.3,32.515
Elche,21-22,LaLiga,42,-12,26.6,28.6,0,8.2,19.32
Sporting Gijon,16-17,LaLiga,31,-30,6,6,0,1.0,4.2
Real Sociedad,23-24,LaLiga,60,12,71.8,74.3,70,33.7,72.135
Valencia,21-22,LaLiga,48,-5,48.7,52.2,0,16.35,35.315
Real Betis,22-23,LaLiga,60,5,71.8,67.3,25,27.4,56.185
Mallorca,22-23,LaLiga,50,-6,54.2,47.7,0,17.3,35.665
Girona,23-24,LaLiga,81,39,91.9,90.4,0,33.4,63.805
Cadiz,21-22,LaLiga,39,-16,16.5,21.1,0,6.1,13.16
Villarreal,20-21,LaLiga,58,16,69.3,76.3,65,37.84,70.46
Eibar,20-21,LaLiga,30,-23,5.5,10,0,2.0,5.425
Espanyol,18-19,LaLiga,53,-2,60.8,58.2,0,22.1,41.65
Valencia,25-26,LaLiga,49,-9,49.7,40.2,0,16.5,31.465
Getafe,18-19,LaLiga,59,13,70.3,74.8,0,27.25,50.785
Alaves,25-26,LaLiga,43,-12,33.6,28.6,0,11.12,21.77
Real Sociedad,17-18,LaLiga,49,7,49.7,69.8,15,25.5,46.325
Girona,22-23,LaLiga,49,3,49.7,64.3,0,22.0,39.9
Real Madrid,24-25,LaLiga,84,40,92.9,91.9,70,49.0,85.68
Espanyol,24-25,LaLiga,42,-11,26.6,31.6,0,11.0,20.37
Sevilla,22-23,LaLiga,49,-7,49.7,46.2,65,30.4,53.065
Getafe,19-20,LaLiga,54,6,63.8,68.8,25,31.75,53.91
Celta Vigo,23-24,LaLiga,41,-11,21.6,31.6,0,10.4,18.62
Huesca,20-21,LaLiga,34,-19,10,15.5,0,4.65,8.925
Mallorca,23-24,LaLiga,40,-11,19.5,31.6,0,10.4,17.885
Cadiz,20-21,LaLiga,44,-22,37.6,12,0,10.1,17.36
Athletic Club,25-26,LaLiga,45,-15,39.6,24.1,45,22.0,35.795
Real Sociedad,25-26,LaLiga,46,-2,41.7,58.2,0,21.5,34.965
Leganes,18-19,LaLiga,45,-6,39.6,47.7,0,18.9,30.555
Valencia,23-24,LaLiga,49,-5,49.7,52.2,0,22.3,35.665
Sevilla,21-22,LaLiga,70,23,81.4,82.9,25,41.5,65.005
Espanyol,25-26,LaLiga,46,-12,41.7,28.6,0,15.2,24.605
Getafe,20-21,LaLiga,38,-15,14.5,24.1,0,8.0,13.51
Real Betis,24-25,LaLiga,60,7,71.8,69.8,45,41.05,63.06
Athletic Club,17-18,LaLiga,43,-8,33.6,43.2,0,17.05,26.88
Barcelona,23-24,LaLiga,85,35,93.9,88.4,70,56.5,84.805
Las Palmas,24-25,LaLiga,32,-21,7.5,13,0,4.0,7.175
Sevilla,23-24,LaLiga,41,-6,21.6,47.7,15,19.19,28.755
Villarreal,21-22,LaLiga,59,26,70.3,85.4,80,54.5,78.495
Leganes,16-17,LaLiga,35,-19,10.5,15.5,0,5.45,9.1
Barcelona,24-25,LaLiga,88,63,96.9,98.4,80,66.5,92.355
Alaves,21-22,LaLiga,31,-34,6,4,0,1.6,3.5
Leganes,17-18,LaLiga,43,-17,33.6,18.5,0,12.7,18.235
Getafe,21-22,LaLiga,39,-8,16.5,43.2,0,15.16,20.895
Granada,20-21,LaLiga,46,-18,41.7,17.5,35,23.5,31.22
Dep. La Coruna,16-17,LaLiga,36,-18,11.5,17.5,0,7.0,10.15
Eibar,19-20,LaLiga,42,-17,26.6,18.5,0,11.77,15.785
Espanyol,17-18,LaLiga,49,-6,49.7,47.7,0,26.8,34.09
Granada,23-24,LaLiga,21,-41,1.5,2,0,0.0,1.225
Elche,25-26,LaLiga,43,-8,33.6,43.2,0,21.1,26.88
Getafe,22-23,LaLiga,42,-11,26.6,31.6,0,15.75,20.37
Elche,20-21,LaLiga,36,-21,11.5,13,0,6.1,8.575
Real Betis,17-18,LaLiga,60,-1,71.8,60.3,0,38.5,46.235
Villarreal,17-18,LaLiga,61,7,74.8,69.8,15,46.1,55.11
Valladolid,18-19,LaLiga,41,-19,21.6,15.5,0,10.1,12.985
Athletic Club,18-19,LaLiga,53,-4,60.8,54.2,0,33.65,40.25
Real Sociedad,22-23,LaLiga,71,16,83.9,76.3,25,55.0,63.57
Real Betis,19-20,LaLiga,41,-12,21.6,28.6,0,14.6,17.57
Valladolid,19-20,LaLiga,42,-11,26.6,31.6,0,17.3,20.37
Atletico Madrid,16-17,LaLiga,78,43,89.9,93.4,80,78.8,88.155
Alaves,23-24,LaLiga,46,-10,41.7,37.1,0,24.3,27.58
Valencia,17-18,LaLiga,73,27,85.9,86.9,0,55.0,60.48
Villarreal,16-17,LaLiga,67,23,79.3,82.9,15,55.95,61.27
Real Madrid,22-23,LaLiga,78,39,89.9,90.4,80,80.0,87.105
Levante,18-19,LaLiga,44,-7,37.6,46.2,0,26.3,29.33
Girona,18-19,LaLiga,37,-16,13,21.1,0,10.2,11.935
Alaves,24-25,LaLiga,42,-10,26.6,37.1,0,20.0,22.295
Real Sociedad,19-20,LaLiga,56,8,67.3,72.3,0,45.8,48.86
Las Palmas,17-18,LaLiga,22,-50,2.5,1.5,0,0.35,1.4
Sevilla,20-21,LaLiga,77,20,88.9,79.3,60,74.35,76.87
Barcelona,21-22,LaLiga,73,30,85.9,87.9,35,69.5,71.33
Real Betis,25-26,LaLiga,60,11,71.8,73.8,35,62.5,61.46
Cadiz,22-23,LaLiga,42,-23,26.6,10,0,12.38,12.81
Getafe,23-24,LaLiga,43,-12,33.6,28.6,0,22.25,21.77
Cadiz,23-24,LaLiga,33,-29,8.5,7,0,4.8,5.425
Celta Vigo,22-23,LaLiga,43,-10,33.6,37.1,0,25.73,24.745
Rayo Vallecano,23-24,LaLiga,38,-19,14.5,15.5,0,10.4,10.5
Sevilla,16-17,LaLiga,72,20,84.9,79.3,60,81.7,75.47
Atletico Madrid,21-22,LaLiga,71,22,83.9,81.9,70,85.7,79.03
Espanyol,19-20,LaLiga,25,-31,3.5,5.5,15,7.5,7.65
Atletico Madrid,20-21,LaLiga,86,42,94.4,92.4,60,92.0,83.38
Atletico Madrid,17-18,LaLiga,79,36,90.9,88.9,65,95.6,82.43
Osasuna,25-26,LaLiga,42,-6,26.6,47.7,0,30.5,26.005
Real Betis,18-19,LaLiga,50,-8,54.2,43.2,15,47.0,38.59
Villarreal,24-25,LaLiga,70,20,81.4,79.3,0,69.0,56.245
Mallorca,21-22,LaLiga,39,-27,16.5,8,0,10.0,8.575
Valencia,16-17,LaLiga,46,-9,41.7,40.2,0,36.0,28.665
Sevilla,17-18,LaLiga,58,-9,69.3,40.2,70,78.05,59.325
Barcelona,20-21,LaLiga,79,47,90.9,94.4,60,111.94,82.855
Valencia,19-20,LaLiga,53,-7,60.8,46.2,60,75.0,55.45
Barcelona,16-17,LaLiga,90,79,97.9,100,70,124.75,90.265
Huesca,18-19,LaLiga,33,-22,8.5,12,0,9.0,7.175
Sevilla,18-19,LaLiga,59,15,70.3,75.8,25,81.05,58.635
Levante,17-18,LaLiga,46,-14,41.7,25.1,0,32.0,23.38
Celta Vigo,18-19,LaLiga,41,-9,21.6,40.2,0,30.0,21.63
Valladolid,22-23,LaLiga,40,-30,19.5,6,0,12.3,8.925
Barcelona,18-19,LaLiga,87,54,95.9,96.9,80,141.1,91.48
Real Madrid,23-24,LaLiga,95,61,100,97.9,100,161.5,99.265
Getafe,24-25,LaLiga,42,-5,26.6,52.2,0,45.2,27.58
Oviedo,25-26,LaLiga,29,-34,4.5,4,0,4.0,2.975
Granada,21-22,LaLiga,38,-17,14.5,18.5,0,19.04,11.55
Villarreal,25-26,LaLiga,72,26,84.9,85.4,0,105.5,59.605
Girona,24-25,LaLiga,41,-16,21.6,21.1,45,50.2,28.445
Girona,25-26,LaLiga,41,-16,21.6,21.1,0,27.35,14.945
Valladolid,20-21,LaLiga,31,-23,6,10,0,9.85,5.6
Real Madrid,25-26,LaLiga,86,42,94.4,92.4,70,167.5,86.38
Espanyol,22-23,LaLiga,37,-17,13,18.5,0,20.6,11.025
Valencia,18-19,LaLiga,61,16,74.8,76.3,45,129.2,66.385
Barcelona,22-23,LaLiga,88,50,96.9,95.9,45,159.0,80.98
Atletico Madrid,18-19,LaLiga,76,26,86.9,85.4,60,168.0,78.305
Villarreal,18-19,LaLiga,44,-3,37.6,56.2,35,92.9,43.33
Real Madrid,18-19,LaLiga,68,17,79.8,77.8,60,164.75,73.16
Atletico Madrid,24-25,LaLiga,76,38,86.9,89.9,70,188.0,82.88
Real Betis,16-17,LaLiga,39,-23,16.5,10,0,20.9,9.275
Alaves,20-21,LaLiga,38,-21,14.5,13,0,22.05,9.625
Almeria,22-23,LaLiga,41,-16,21.6,21.1,0,37.08,14.945
Rayo Vallecano,18-19,LaLiga,32,-29,7.5,7,0,12.3,5.075
Atletico Madrid,25-26,LaLiga,69,18,80.9,78.3,80,230.95,79.72
Leganes,19-20,LaLiga,36,-21,11.5,13,0,24.6,8.575
Osasuna,16-17,LaLiga,22,-54,2.5,0.5,0,2.2,1.05
Almeria,23-24,LaLiga,21,-32,1.5,5,0,6.0,2.275
Mallorca,19-20,LaLiga,33,-25,8.5,8.5,0,18.45,5.95
Sevilla,19-20,LaLiga,70,20,81.4,79.3,65,247.35,75.745
Las Palmas,23-24,LaLiga,40,-14,19.5,25.1,0,54.75,15.61
Villarreal,19-20,LaLiga,60,14,71.8,75.3,0,188.73,51.485
Atletico Madrid,19-20,LaLiga,70,24,81.4,83.9,70,304.0,78.855
Barcelona,19-20,LaLiga,82,48,92.4,94.9,70,361.3,86.555
Dep. La Coruna,17-18,LaLiga,29,-38,4.5,2.5,0,9.5,2.45
Barcelona,17-18,LaLiga,93,70,98.4,99.4,70,388.1,90.23
Elche,22-23,LaLiga,25,-37,3.5,3,0,13.16,2.275
Alaves,19-20,LaLiga,39,-25,16.5,8.5,0,96.45,8.75
Malaga,17-18,LaLiga,20,-37,0.5,3,0,17.5,1.225
Granada,16-17,LaLiga,20,-52,0.5,1,0,11.58,0.525
Valladolid,24-25,LaLiga,16,-64,0,0,0,16.68,0
Tottenham,18-19,Premier,71,28,83.4,83.9,90,0.0,85.555
Liverpool,19-20,Premier,99,52,99.4,94.4,60,10.4,85.83
Burnley,20-21,Premier,39,-22,19,20.6,0,1.1,13.86
Crystal Palace,18-19,Premier,49,-2,47.2,51.7,0,11.85,34.615
Crystal Palace,19-20,Premier,43,-19,31.1,24.1,0,7.6,19.32
Liverpool,24-25,Premier,84,45,92.9,91.9,60,42.0,82.68
Chelsea,19-20,Premier,66,15,75.3,73.3,60,45.0,70.01
Burnley,19-20,Premier,54,-7,57.7,43.7,0,23.85,35.49
Manchester City,18-19,Premier,98,72,98.9,98.9,70,78.59,90.23
Watford,18-19,Premier,50,-7,50.7,43.7,0,30.1,33.04
Liverpool,21-22,Premier,92,68,96.9,98.4,90,89.0,95.355
Burnley,17-18,Premier,54,-3,57.7,49.7,0,35.74,37.59
Leicester City,20-21,Premier,66,18,75.3,75.8,20,59.4,58.885
Tottenham,16-17,Premier,86,60,94.4,95.4,45,83.5,79.93
Aston Villa,25-26,Premier,65,7,73.8,63.3,65,70.5,67.485
Brentford,22-23,Premier,59,12,64.8,69.8,0,49.25,47.11
West Ham,20-21,Premier,65,15,73.8,73.3,0,54.7,51.485
Brighton,22-23,Premier,62,19,71.3,76.8,0,55.7,51.835
Liverpool,20-21,Premier,69,26,80.4,82.9,70,84.8,78.155
Wolves,21-22,Premier,51,-5,51.2,48.2,0,37.6,34.79
Arsenal,18-19,Premier,70,22,82.4,78.8,55,80.15,72.92
Manchester Utd,18-19,Premier,66,11,75.3,68.8,70,82.7,71.435
Manchester Utd,20-21,Premier,74,29,86.4,85.4,55,89.95,76.63
Arsenal,24-25,Premier,74,35,86.4,87.4,80,107.6,84.83
Newcastle,24-25,Premier,66,21,75.3,77.8,0,68.2,53.585
West Ham,21-22,Premier,56,9,61.3,66.8,45,74.5,58.335
Liverpool,16-17,Premier,76,36,89.4,88.4,0,79.9,62.23
Brentford,21-22,Premier,46,-8,41.7,42.2,0,38.2,29.365
Arsenal,20-21,Premier,61,16,69.3,75.3,45,86.0,64.11
West Brom,16-17,Premier,45,-8,37.1,42.2,0,37.9,27.755
Chelsea,21-22,Premier,74,43,86.4,90.9,70,118.0,83.055
Arsenal,16-17,Premier,75,33,87.9,86.9,60,113.0,79.18
Leicester City,21-22,Premier,52,3,52.2,59.2,25,67.6,46.49
Manchester City,21-22,Premier,93,73,97.4,99.4,80,138.9,92.88
Tottenham,17-18,Premier,77,38,89.9,88.9,60,121.0,80.58
Bournemouth,16-17,Premier,46,-12,41.7,36.6,0,40.69,27.405
Everton,24-25,Premier,48,-2,45.2,51.7,0,50.64,33.915
Tottenham,21-22,Premier,71,29,83.4,85.4,5,95.9,60.58
Manchester City,22-23,Premier,89,61,95.4,95.9,100,155.0,96.955
Bournemouth,17-18,Premier,44,-16,32.6,28.1,0,34.3,21.245
Everton,16-17,Premier,61,18,69.3,75.8,0,86.0,50.785
Newcastle,20-21,Premier,45,-16,37.1,28.1,0,38.75,22.82
Crystal Palace,22-23,Premier,45,-9,37.1,39.6,0,46.6,26.845
Everton,20-21,Premier,59,-1,64.8,54.2,0,74.37,41.65
Newcastle,17-18,Premier,44,-8,32.6,42.2,0,46.5,26.18
Aston Villa,23-24,Premier,68,15,79.8,73.3,25,111.5,61.085
Sheffield United,19-20,Premier,54,0,57.7,56.2,0,72.5,39.865
Tottenham,20-21,Premier,62,23,71.3,79.8,25,110.5,60.385
Manchester City,20-21,Premier,86,51,94.4,93.9,90,173.4,92.905
Liverpool,22-23,Premier,67,28,78.8,83.9,60,140.9,74.945
Liverpool,17-18,Premier,75,46,87.9,93.4,90,173.65,90.455
Crystal Palace,23-24,Premier,49,-1,47.2,54.2,0,67.8,35.49
Southampton,19-20,Premier,52,-9,52.2,39.6,0,61.5,32.13
Leicester City,19-20,Premier,62,26,71.3,82.9,0,104.3,53.97
Stoke City,16-17,Premier,44,-15,32.6,30.6,0,42.17,22.12
Liverpool,18-19,Premier,97,67,98.4,97.4,100,192.2,98.53
Manchester City,19-20,Premier,81,67,91.4,97.4,70,169.82,87.08
Crystal Palace,20-21,Premier,44,-25,32.6,16,0,32.4,17.01
Everton,23-24,Premier,40,-11,22.6,37.6,0,40.5,21.07
Fulham,22-23,Premier,52,2,52.2,58.7,0,76.1,38.815
Chelsea,16-17,Premier,93,52,97.4,94.4,0,132.8,67.13
Brighton,25-26,Premier,53,6,56.2,62.3,0,82.0,41.475
Southampton,16-17,Premier,46,-7,41.7,43.7,15,68.9,34.39
Wolves,19-20,Premier,59,11,64.8,68.8,35,116.7,57.26
Newcastle,18-19,Premier,45,-6,37.1,46.2,0,59.75,29.155
Southampton,20-21,Premier,43,-21,31.1,21.1,0,37.3,18.27
Nottingham,24-25,Premier,65,12,73.8,69.8,0,105.5,50.26
Brighton,21-22,Premier,51,-2,51.2,51.7,0,75.58,36.015
Leicester City,16-17,Premier,44,-15,32.6,30.6,70,92.1,43.12
Fulham,25-26,Premier,52,-4,52.2,48.7,0,75.7,35.315
Brighton,20-21,Premier,41,-6,26.1,46.2,0,54.6,25.305
Brentford,24-25,Premier,56,9,61.3,66.8,0,98.4,44.835
Aston Villa,20-21,Premier,55,9,60.8,66.8,0,101.35,44.66
Tottenham,19-20,Premier,59,14,64.8,72.3,60,150.5,65.985
Arsenal,17-18,Premier,63,23,72.8,79.8,45,152.85,66.91
Crystal Palace,17-18,Premier,44,-10,32.6,38.1,0,55.95,24.745
Liverpool,23-24,Premier,82,45,92.4,91.9,35,172.0,75.005
Fulham,24-25,Premier,54,0,57.7,56.2,0,91.55,39.865
Crystal Palace,21-22,Premier,48,4,45.2,60.8,0,85.62,37.1
Burnley,18-19,Premier,40,-23,22.6,19,0,33.0,14.56
Everton,18-19,Premier,54,8,57.7,65.3,0,99.8,43.05
Fulham,23-24,Premier,47,-6,43.7,46.2,0,73.17,31.465
Crystal Palace,24-25,Premier,53,0,56.2,56.2,0,91.9,39.34
Manchester Utd,21-22,Premier,58,0,64.3,56.2,60,142.0,60.175
Newcastle,23-24,Premier,60,23,67.3,79.8,45,156.3,64.985
Manchester Utd,16-17,Premier,69,25,80.4,82.4,65,185.0,76.48
Manchester Utd,17-18,Premier,81,40,91.4,89.4,60,198.4,81.28
Aston Villa,22-23,Premier,61,5,69.3,61.8,0,113.0,45.885
Arsenal,22-23,Premier,84,45,92.9,91.9,25,186.2,72.18
Leicester City,17-18,Premier,47,-4,43.7,48.7,0,83.85,32.34
Burnley,16-17,Premier,40,-16,22.6,28.1,0,45.6,17.745
Manchester City,16-17,Premier,78,41,90.4,89.9,60,216.25,81.105
Arsenal,23-24,Premier,89,62,95.4,96.4,70,235.1,88.13
Chelsea,18-19,Premier,72,24,85.9,81.4,65,208.8,78.055
Brentford,25-26,Premier,53,3,56.2,59.2,0,108.7,40.39
Wolves,18-19,Premier,57,1,63.3,58.2,0,117.5,42.525
Brighton,23-24,Premier,48,-7,45.2,43.7,25,106.85,38.615
Leeds United,20-21,Premier,59,8,64.8,65.3,0,127.8,45.535
West Ham,18-19,Premier,52,-3,52.2,49.7,0,100.9,35.665
Tottenham,22-23,Premier,60,7,67.3,63.3,60,181.7,63.71
Manchester City,23-24,Premier,91,62,96.4,96.4,70,259.6,88.48
Leicester City,18-19,Premier,52,3,52.2,59.2,0,114.6,38.99
Everton,21-22,Premier,39,-23,19,19,0,39.5,13.3
Aston Villa,24-25,Premier,66,7,75.3,63.3,70,214.2,69.51
Chelsea,20-21,Premier,67,22,78.8,78.8,100,267.2,85.16
Brighton,19-20,Premier,41,-15,26.1,30.6,0,61.74,19.845
Arsenal,21-22,Premier,69,13,80.4,71.3,0,167.4,53.095
Newcastle,22-23,Premier,71,35,83.4,87.4,0,189.1,59.78
Bournemouth,24-25,Premier,56,12,61.3,69.8,0,145.17,45.885
Arsenal,19-20,Premier,56,8,61.3,65.3,20,160.8,50.31
Arsenal,25-26,Premier,85,44,93.9,91.4,90,294.6,91.855
West Ham,17-18,Premier,42,-20,29.6,21.6,0,56.8,17.92
Manchester City,24-25,Premier,71,28,83.4,83.9,45,243.0,72.055
Manchester Utd,19-20,Premier,66,30,75.3,86.4,45,236.8,70.095
Chelsea,17-18,Premier,70,24,82.4,81.4,60,260.5,75.33
Manchester City,17-18,Premier,100,79,100,100,70,317.5,91
Brentford,23-24,Premier,39,-9,19,39.6,0,72.35,20.51
West Ham,23-24,Premier,52,-14,52.2,33.1,35,144.55,40.355
Manchester Utd,22-23,Premier,75,15,87.9,73.3,35,242.5,66.92
Leicester City,22-23,Premier,34,-17,12,27.1,0,49.0,13.685
Crystal Palace,25-26,Premier,45,-10,37.1,38.1,45,145.0,39.82
Manchester City,25-26,Premier,78,42,90.4,90.4,60,301.8,81.28
Burnley,21-22,Premier,35,-19,14.5,24.1,0,49.4,13.51
Leeds United,25-26,Premier,47,-7,43.7,43.7,0,113.7,30.59
Wolves,23-24,Premier,46,-15,41.7,30.6,0,94.0,25.305
West Ham,16-17,Premier,45,-17,37.1,27.1,0,83.5,22.47
Bournemouth,18-19,Premier,45,-14,37.1,33.1,0,91.6,24.57
Chelsea,24-25,Premier,69,21,80.4,77.8,45,259.4,68.87
Manchester Utd,23-24,Premier,60,-1,67.3,54.2,45,212.7,56.025
Everton,25-26,Premier,49,-3,47.2,49.7,0,129.75,33.915
Newcastle,19-20,Premier,44,-20,32.6,21.6,0,72.4,18.97
Wolves,20-21,Premier,45,-16,37.1,28.1,0,87.59,22.82
Swansea City,16-17,Premier,41,-25,26.1,16,0,58.1,14.735
Everton,19-20,Premier,49,-12,47.2,36.6,0,121.0,29.33
Tottenham,24-25,Premier,38,-1,17.5,54.2,65,185.35,44.595
Bournemouth,25-26,Premier,57,4,63.3,60.8,0,181.1,43.435
Aston Villa,21-22,Premier,45,-2,37.1,51.7,0,129.8,31.08
Manchester Utd,25-26,Premier,71,19,83.4,76.8,0,246.7,56.07
Southampton,18-19,Premier,39,-20,19,21.6,0,62.25,14.21
Watford,17-18,Premier,41,-20,26.1,21.6,0,73.4,16.695
Southampton,21-22,Premier,40,-24,22.6,18.5,0,63.4,14.385
Southampton,17-18,Premier,36,-19,15.5,24.1,0,61.25,13.86
Luton Town,23-24,Premier,26,-33,7,10,0,25.9,5.95
Brighton,17-18,Premier,40,-20,22.6,21.6,0,70.0,15.47
Bournemouth,23-24,Premier,48,-13,45.2,34.6,0,129.89,27.93
Fulham,20-21,Premier,28,-26,8.5,14.5,0,37.25,8.05
Crystal Palace,16-17,Premier,41,-13,26.1,34.6,0,101.2,21.245
Newcastle,25-26,Premier,49,-2,47.2,51.7,60,278.85,52.615
Tottenham,23-24,Premier,66,13,75.3,71.3,0,275.1,51.31
Newcastle,21-22,Premier,49,-18,47.2,26.1,0,138.5,25.655
Bournemouth,19-20,Premier,34,-25,12,16,0,54.91,9.8
Wolves,24-25,Premier,42,-15,29.6,30.6,0,119.4,21.07
Nottingham,25-26,Premier,44,-3,32.6,49.7,45,241.83,42.305
Watford,16-17,Premier,40,-28,22.6,12.5,0,70.45,12.285
Chelsea,25-26,Premier,52,6,52.2,62.3,60,339.15,58.075
Huddersfield,17-18,Premier,37,-30,17,11,0,56.75,9.8
West Ham,22-23,Premier,40,-13,22.6,34.6,45,196.6,33.52
Sunderland,25-26,Premier,54,-6,57.7,46.2,0,213.44,36.365
Middlesbrough,16-17,Premier,28,-26,8.5,14.5,0,47.95,8.05
Brighton,24-25,Premier,61,7,69.3,63.3,0,281.45,46.41
West Brom,17-18,Premier,31,-25,9.5,16,0,53.5,8.925
Manchester Utd,24-25,Premier,42,-10,29.6,38.1,55,249.4,40.195
Everton,17-18,Premier,49,-14,47.2,33.1,15,203.2,32.605
West Ham,19-20,Premier,39,-13,19,34.6,0,119.8,18.76
Tottenham,25-26,Premier,41,-9,26.1,39.6,60,265.6,40.995
Watford,19-20,Premier,34,-28,12,12.5,0,56.0,8.575
Everton,22-23,Premier,36,-23,15.5,19,0,83.07,12.075
Norwich City,19-20,Premier,21,-49,2,2,0,8.82,1.4
West Ham,24-25,Premier,43,-16,31.1,28.1,0,144.4,20.72
Leeds United,21-22,Premier,38,-37,17.5,7,0,59.3,8.575
Liverpool,25-26,Premier,60,10,67.3,68.3,70,483.13,68.46
Cardiff City,18-19,Premier,34,-35,12,9,0,51.2,7.35
Hull City,16-17,Premier,34,-43,12,4,0,40.0,5.6
Stoke City,17-18,Premier,33,-33,11,10,0,57.7,7.35
Brighton,18-19,Premier,36,-25,15.5,16,0,90.62,11.025
Chelsea,23-24,Premier,63,14,72.8,72.3,0,448.1,50.785
Swansea City,17-18,Premier,33,-28,11,12.5,0,73.39,8.225
Bournemouth,22-23,Premier,39,-34,19,9.5,0,93.4,9.975
West Brom,20-21,Premier,26,-41,7,5.5,0,42.14,4.375
Nottingham,23-24,Premier,32,-18,10.5,26.1,0,131.63,12.81
Sunderland,16-17,Premier,24,-40,5,6.5,0,41.9,4.025
Wolves,22-23,Premier,41,-27,26.1,14,0,179.51,14.035
Chelsea,22-23,Premier,44,-9,32.6,39.6,70,630.25,46.27
West Ham,25-26,Premier,39,-19,19,24.1,0,208.35,15.085
Aston Villa,19-20,Premier,35,-26,14.5,14.5,0,159.5,10.15
Watford,21-22,Premier,23,-43,4,4,0,43.5,2.8
Nottingham,22-23,Premier,38,-30,17.5,11,0,198.35,9.975
Sheffield United,20-21,Premier,23,-43,4,4,0,62.7,2.8
Leeds United,22-23,Premier,31,-30,9.5,11,0,163.89,7.175
Burnley,23-24,Premier,24,-37,5,7,0,111.05,4.2
Leicester City,24-25,Premier,25,-47,6,2.5,0,90.05,2.975
Southampton,22-23,Premier,25,-37,6,7,0,154.21,4.55
Fulham,18-19,Premier,26,-47,7,2.5,0,116.5,3.325
Burnley,25-26,Premier,22,-37,2.5,7,0,131.5,3.325
Wolves,25-26,Premier,20,-41,1.5,5.5,0,149.1,2.45
Norwich City,21-22,Premier,22,-61,2.5,0.5,0,63.55,1.05
Ipswich Town,24-25,Premier,22,-46,2.5,3.5,0,152.59,2.1
Huddersfield,18-19,Premier,16,-54,0.5,1.5,0,50.7,0.7
Southampton,24-25,Premier,12,-60,0,1,0,126.4,0.35
Sheffield United,23-24,Premier,16,-69,0.5,0,0,66.95,0.175
