Squad,Season,League,Pts,GD,Pts_P,GD_P,UEFA,Cup,Transfers,CSI
Barcelona,22-23,LaLiga,88,50,96.9,95.9,45.0,75.0,159.0,81.41
Atletico Madrid,17-18,LaLiga,79,36,90.9,88.9,65.0,60.0,95.6,80.685
Real Madrid,19-20,LaLiga,87,45,95.9,93.9,60.0,60.0,18.45,82.685
Atletico Madrid,20-21,LaLiga,86,42,94.4,92.4,60.0,15.0,92.0,77.21000000000001
Real Madrid,23-24,LaLiga,95,61,100.0,97.9,100.0,45.0,161.5,93.81750000000001
Atletico Madrid,16-17,LaLiga,78,43,89.9,93.4,80.0,75.0,78.8,87.0725
Atletico Madrid,19-20,LaLiga,70,24,81.4,83.9,70.0,30.0,304.0,74.2225
Real Madrid,20-21,LaLiga,84,39,92.9,90.4,80.0,30.0,0.0,82.5725
Barcelona,17-18,LaLiga,93,70,98.4,99.4,70.0,100.0,388.1,91.78500000000001
Atletico Madrid,18-19,LaLiga,76,26,86.9,85.4,60.0,45.0,168.0,75.4975
Athletic Club,24-25,LaLiga,70,25,81.4,84.9,45.0,45.0,18.0,69.79750000000001
Atletico Madrid,24-25,LaLiga,76,38,86.9,89.9,70.0,75.0,188.0,82.46000000000001
Sevilla,21-22,LaLiga,70,23,81.4,82.9,25.0,45.0,41.5,64.14750000000001
Real Madrid,21-22,LaLiga,86,49,94.4,95.4,100.0,60.0,31.0,92.685
Sevilla,20-21,LaLiga,77,20,88.9,79.3,60.0,75.0,74.35,77.16499999999999
Atletico Madrid,22-23,LaLiga,77,37,88.9,89.4,45.0,60.0,29.5,75.1975
Villarreal,16-17,LaLiga,67,23,79.3,82.9,15.0,45.0,55.95,60.964999999999996
Getafe,17-18,LaLiga,55,9,65.3,72.8,0.0,30.0,12.9,47.8825
Sevilla,19-20,LaLiga,70,20,81.4,79.3,65.0,45.0,247.35,72.97749999999999
Real Madrid,25-26,LaLiga,86,42,94.4,92.4,70.0,45.0,167.5,82.71000000000001
Valencia,18-19,LaLiga,61,16,74.8,76.3,45.0,100.0,129.2,70.3575
Real Sociedad,22-23,LaLiga,71,16,83.9,76.3,25.0,60.0,55.0,64.315
Getafe,18-19,LaLiga,59,13,70.3,74.8,0.0,60.0,27.25,53.1575
Barcelona,18-19,LaLiga,87,54,95.9,96.9,80.0,90.0,141.1,91.66
Barcelona,25-26,LaLiga,94,59,99.4,97.4,70.0,75.0,27.5,88.96000000000001
Real Madrid,22-23,LaLiga,78,39,89.9,90.4,80.0,100.0,80.0,88.5975
Athletic Club,21-22,LaLiga,55,7,65.3,69.8,0.0,75.0,0.0,51.4075
Barcelona,16-17,LaLiga,90,79,97.9,100.0,70.0,100.0,124.75,91.81750000000001
Villarreal,21-22,LaLiga,59,26,70.3,85.4,80.0,30.0,54.5,73.60249999999999
Athletic Club,23-24,LaLiga,68,24,79.8,83.9,0.0,100.0,12.5,63.2025
Real Sociedad,21-22,LaLiga,62,3,76.3,64.3,25.0,60.0,2.5,57.945
Getafe,19-20,LaLiga,54,6,63.8,68.8,25.0,15.0,31.75,50.845
Real Madrid,24-25,LaLiga,84,40,92.9,91.9,70.0,90.0,49.0,86.56
Barcelona,20-21,LaLiga,79,47,90.9,94.4,60.0,100.0,111.94,85.2225
Barcelona,19-20,LaLiga,82,48,92.4,94.9,70.0,60.0,361.3,84.3725
Barcelona,21-22,LaLiga,73,30,85.9,87.9,35.0,45.0,69.5,69.73500000000001
Valencia,17-18,LaLiga,73,27,85.9,86.9,0.0,75.0,55.0,63.660000000000004
Real Sociedad,20-21,LaLiga,62,21,76.3,81.4,15.0,45.0,10.0,59.5025
Athletic Club,19-20,LaLiga,51,3,56.7,64.3,0.0,90.0,0.0,48.325
Getafe,25-26,LaLiga,51,-6,56.7,47.7,0.0,30.0,1.8,36.93
Barcelona,24-25,LaLiga,88,63,96.9,98.4,80.0,100.0,66.5,93.4725
Real Sociedad,23-24,LaLiga,60,12,71.8,74.3,70.0,75.0,33.7,72.4825
Getafe,24-25,LaLiga,42,-5,26.6,52.2,0.0,60.0,45.2,31.610000000000003
Real Betis,21-22,LaLiga,65,22,78.8,81.9,25.0,100.0,4.21,68.47749999999999
Villarreal,22-23,LaLiga,64,19,77.8,78.8,10.0,45.0,6.48,57.895
Real Madrid,16-17,LaLiga,93,65,98.4,98.9,100.0,60.0,30.0,95.1225
Real Betis,22-23,LaLiga,60,5,71.8,67.3,25.0,45.0,27.4,55.9575
Getafe,21-22,LaLiga,39,-8,16.5,43.2,0.0,15.0,15.16,20.9025
Osasuna,22-23,LaLiga,53,-5,60.8,52.2,0.0,90.0,2.0,45.725
Athletic Club,20-21,LaLiga,46,4,41.7,66.3,0.0,90.0,11.13,44.1
Espanyol,17-18,LaLiga,49,-6,49.7,47.7,0.0,60.0,26.8,37.655
Atletico Madrid,23-24,LaLiga,76,27,86.9,86.9,70.0,75.0,32.0,81.48500000000001
Atletico Madrid,21-22,LaLiga,71,22,83.9,81.9,70.0,45.0,85.7,75.885
Athletic Club,16-17,LaLiga,63,10,77.3,73.3,15.0,45.0,0.0,57.195
Alaves,16-17,LaLiga,55,-2,65.3,58.2,0.0,90.0,6.33,49.1375
Athletic Club,22-23,LaLiga,51,4,56.7,66.3,0.0,75.0,0.0,47.475
Mallorca,22-23,LaLiga,50,-6,54.2,47.7,0.0,45.0,17.3,37.6175
Celta Vigo,21-22,LaLiga,46,0,41.7,62.3,0.0,30.0,10.02,36.800000000000004
Leganes,18-19,LaLiga,45,-6,39.6,47.7,0.0,45.0,18.9,32.8725
Valladolid,19-20,LaLiga,42,-11,26.6,31.6,0.0,30.0,17.3,21.915000000000003
Getafe,20-21,LaLiga,38,-15,14.5,24.1,0.0,15.0,8.0,14.045000000000002
Real Madrid,17-18,LaLiga,76,50,86.9,95.9,100.0,60.0,40.5,90.41
Barcelona,23-24,LaLiga,85,35,93.9,88.4,70.0,60.0,56.5,82.7475
Atletico Madrid,25-26,LaLiga,69,18,80.9,78.3,80.0,90.0,230.95,80.74
Villarreal,20-21,LaLiga,58,16,69.3,76.3,65.0,60.0,37.84,69.57
Rayo Vallecano,25-26,LaLiga,50,-3,54.2,56.2,35.0,45.0,7.1,49.13
Mallorca,24-25,LaLiga,48,-9,48.7,40.2,0.0,30.0,2.35,31.892500000000002
Mallorca,23-24,LaLiga,40,-11,19.5,31.6,0.0,90.0,10.4,25.6075
Real Betis,23-24,LaLiga,57,3,68.8,64.3,25.0,30.0,20.4,52.5075
Granada,19-20,LaLiga,56,7,67.3,69.8,0.0,75.0,21.5,52.0575
Athletic Club,18-19,LaLiga,53,-4,60.8,54.2,0.0,45.0,33.65,41.875
Rayo Vallecano,24-25,LaLiga,52,-4,59.2,54.2,0.0,45.0,0.0,41.355000000000004
Valencia,23-24,LaLiga,49,-5,49.7,52.2,0.0,45.0,22.3,37.6175
Valencia,22-23,LaLiga,42,-3,26.6,56.2,0.0,60.0,12.5,32.910000000000004
Getafe,22-23,LaLiga,42,-11,26.6,31.6,0.0,30.0,15.75,21.915000000000003
Real Madrid,18-19,LaLiga,68,17,79.8,77.8,60.0,75.0,164.75,73.72
Girona,23-24,LaLiga,81,39,91.9,90.4,0.0,60.0,33.4,65.2475
Villarreal,25-26,LaLiga,72,26,84.9,85.4,0.0,30.0,105.5,58.347500000000004
Real Sociedad,18-19,LaLiga,50,-1,54.2,60.3,0.0,45.0,12.0,41.7125
Real Sociedad,24-25,LaLiga,46,-11,41.7,31.6,25.0,75.0,9.2,37.572500000000005
Alaves,23-24,LaLiga,46,-10,41.7,37.1,0.0,45.0,24.3,30.110000000000003
Sevilla,18-19,LaLiga,59,15,70.3,75.8,25.0,60.0,81.05,59.7325
Las Palmas,23-24,LaLiga,40,-14,19.5,25.1,0.0,30.0,54.75,17.495
Real Betis,25-26,LaLiga,60,11,71.8,73.8,35.0,60.0,62.5,62.07
Real Sociedad,19-20,LaLiga,56,8,67.3,72.3,0.0,100.0,45.8,55.37
Celta Vigo,25-26,LaLiga,54,5,63.8,67.3,35.0,30.0,15.0,54.3575
Osasuna,20-21,LaLiga,44,-11,37.6,31.6,0.0,45.0,9.15,26.990000000000002
Alaves,24-25,LaLiga,42,-10,26.6,37.1,0.0,15.0,20.0,22.2025
Rayo Vallecano,23-24,LaLiga,38,-19,14.5,15.5,0.0,45.0,10.4,14.25
Sevilla,16-17,LaLiga,72,20,84.9,79.3,60.0,45.0,81.7,72.865
Villarreal,19-20,LaLiga,60,14,71.8,75.3,0.0,60.0,188.73,53.8075
Athletic Club,17-18,LaLiga,43,-8,33.6,43.2,0.0,30.0,17.05,27.960000000000004
Celta Vigo,19-20,LaLiga,37,-12,13.0,28.6,0.0,30.0,1.4,16.520000000000003
Real Betis,24-25,LaLiga,60,7,71.8,69.8,45.0,45.0,41.05,61.77
Villarreal,17-18,LaLiga,61,7,74.8,69.8,15.0,45.0,46.1,55.245
Real Betis,20-21,LaLiga,61,0,74.8,62.3,0.0,60.0,0.0,50.5575
Espanyol,18-19,LaLiga,53,-2,60.8,58.2,0.0,60.0,22.1,44.675000000000004
Espanyol,16-17,LaLiga,56,-1,67.3,60.3,0.0,30.0,18.4,44.47
Eibar,17-18,LaLiga,51,-6,56.7,47.7,0.0,30.0,10.25,36.93
Eibar,18-19,LaLiga,47,-4,47.2,54.2,0.0,30.0,8.0,35.955000000000005
Alaves,17-18,LaLiga,47,-10,47.2,37.1,0.0,60.0,6.55,33.39750000000001
Alaves,18-19,LaLiga,50,-11,54.2,31.6,0.0,30.0,10.0,30.885000000000005
Osasuna,25-26,LaLiga,42,-6,26.6,47.7,0.0,45.0,30.5,28.647500000000004
Rayo Vallecano,21-22,LaLiga,42,-11,26.6,31.6,0.0,75.0,4.3,26.415000000000003
Villarreal,24-25,LaLiga,70,20,81.4,79.3,0.0,15.0,69.0,53.7275
Eibar,16-17,LaLiga,54,5,63.8,67.3,0.0,60.0,8.6,48.6075
Osasuna,21-22,LaLiga,47,-14,47.2,25.1,0.0,30.0,8.7,26.497500000000006
Leganes,17-18,LaLiga,43,-17,33.6,18.5,0.0,75.0,12.7,24.4325
Espanyol,24-25,LaLiga,42,-11,26.6,31.6,0.0,15.0,11.0,20.415000000000003
Cadiz,21-22,LaLiga,39,-16,16.5,21.1,0.0,60.0,6.1,18.22
Valladolid,18-19,LaLiga,41,-19,21.6,15.5,0.0,45.0,10.1,16.5575
Leganes,19-20,LaLiga,36,-21,11.5,13.0,0.0,45.0,24.6,12.4625
Villarreal,18-19,LaLiga,44,-3,37.6,56.2,35.0,45.0,92.9,43.735
Real Betis,18-19,LaLiga,50,-8,54.2,43.2,15.0,75.0,47.0,42.905
Osasuna,24-25,LaLiga,52,-4,59.2,54.2,0.0,60.0,8.05,42.855000000000004
Elche,21-22,LaLiga,42,-12,26.6,28.6,0.0,45.0,8.2,22.44
Eibar,20-21,LaLiga,30,-23,5.5,10.0,0.0,30.0,2.0,8.037500000000001
Valencia,19-20,LaLiga,53,-7,60.8,46.2,60.0,60.0,75.0,55.775
Real Sociedad,16-17,LaLiga,64,6,77.8,68.8,0.0,60.0,21.63,53.645
Valencia,21-22,LaLiga,48,-5,48.7,52.2,0.0,90.0,16.35,41.792500000000004
Levante,19-20,LaLiga,49,-6,49.7,47.7,0.0,30.0,14.45,34.655
Valencia,20-21,LaLiga,43,-3,33.6,56.2,0.0,45.0,0.05,33.685
Rayo Vallecano,22-23,LaLiga,49,-8,49.7,43.2,0.0,30.0,14.3,33.1925
Celta Vigo,22-23,LaLiga,43,-10,33.6,37.1,0.0,30.0,25.73,25.977500000000003
Espanyol,21-22,LaLiga,42,-13,26.6,27.6,0.0,45.0,6.0,22.115000000000002
Girona,18-19,LaLiga,37,-16,13.0,21.1,0.0,60.0,10.2,17.082500000000003
Cadiz,22-23,LaLiga,42,-23,26.6,10.0,0.0,0.0,12.38,11.895000000000001
Huesca,20-21,LaLiga,34,-19,10.0,15.5,0.0,15.0,4.65,9.7875
Sevilla,22-23,LaLiga,49,-7,49.7,46.2,65.0,60.0,30.4,53.417500000000004
Osasuna,19-20,LaLiga,52,-8,59.2,43.2,0.0,45.0,11.24,37.78
Sevilla,23-24,LaLiga,41,-6,21.6,47.7,15.0,60.0,19.19,32.27250000000001
Valencia,24-25,LaLiga,46,-10,41.7,37.1,0.0,60.0,2.87,31.610000000000003
Getafe,23-24,LaLiga,43,-12,33.6,28.6,0.0,45.0,22.25,24.715
Girona,22-23,LaLiga,49,3,49.7,64.3,0.0,15.0,22.0,38.550000000000004
Valencia,25-26,LaLiga,49,-9,49.7,40.2,0.0,60.0,16.5,35.2175
Malaga,16-17,LaLiga,46,-6,41.7,47.7,0.0,30.0,13.04,32.05500000000001
Espanyol,25-26,LaLiga,46,-12,41.7,28.6,0.0,15.0,15.2,24.347500000000004
Sevilla,24-25,LaLiga,41,-13,21.6,27.6,0.0,30.0,0.9,18.990000000000002
Girona,25-26,LaLiga,41,-16,21.6,21.1,0.0,15.0,27.35,15.377500000000001
Leganes,16-17,LaLiga,35,-19,10.5,15.5,0.0,30.0,5.45,11.450000000000001
Elche,20-21,LaLiga,36,-21,11.5,13.0,0.0,30.0,6.1,10.9625
Cadiz,23-24,LaLiga,33,-29,8.5,7.0,0.0,15.0,4.8,6.5375000000000005
Osasuna,23-24,LaLiga,45,-11,39.6,31.6,0.0,45.0,7.0,27.64
Alaves,25-26,LaLiga,43,-12,33.6,28.6,0.0,60.0,11.12,26.215
Leganes,24-25,LaLiga,40,-17,19.5,18.5,0.0,60.0,3.93,18.35
Eibar,19-20,LaLiga,42,-17,26.6,18.5,0.0,30.0,11.77,17.6575
Celta Vigo,24-25,LaLiga,55,2,65.3,63.8,0.0,45.0,11.2,46.4575
Celta Vigo,20-21,LaLiga,53,-2,60.8,58.2,0.0,15.0,3.0,40.175000000000004
Elche,25-26,LaLiga,43,-8,33.6,43.2,0.0,45.0,21.1,29.460000000000004
Levante,20-21,LaLiga,41,-11,21.6,31.6,0.0,75.0,0.0,24.790000000000003
Mallorca,25-26,LaLiga,42,-10,26.6,37.1,0.0,30.0,8.8,23.7025
Celta Vigo,23-24,LaLiga,41,-11,21.6,31.6,0.0,60.0,10.4,23.290000000000003
Alaves,20-21,LaLiga,38,-21,14.5,13.0,0.0,30.0,22.05,11.9375
Valladolid,20-21,LaLiga,31,-23,6.0,10.0,0.0,45.0,9.85,9.7
Sevilla,17-18,LaLiga,58,-9,69.3,40.2,70.0,90.0,78.05,62.0875
Athletic Club,25-26,LaLiga,45,-15,39.6,24.1,45.0,75.0,22.0,39.4525
Levante,17-18,LaLiga,46,-14,41.7,25.1,0.0,45.0,32.0,26.210000000000004
Cadiz,20-21,LaLiga,44,-22,37.6,12.0,0.0,30.0,10.1,19.12
Espanyol,19-20,LaLiga,25,-31,3.5,5.5,15.0,30.0,7.5,9.675
Real Sociedad,17-18,LaLiga,49,7,49.7,69.8,15.0,30.0,25.5,45.5875
Girona,17-18,LaLiga,51,-9,56.7,40.2,0.0,30.0,8.75,34.49250000000001
Alaves,19-20,LaLiga,39,-25,16.5,8.5,0.0,0.0,96.45,8.125
Celta Vigo,17-18,LaLiga,49,-1,49.7,60.3,0.0,45.0,10.0,40.25
Girona,24-25,LaLiga,41,-16,21.6,21.1,45.0,15.0,50.2,26.6275
Sevilla,25-26,LaLiga,43,-14,33.6,25.1,0.0,30.0,0.25,22.0775
Real Betis,19-20,LaLiga,41,-12,21.6,28.6,0.0,30.0,14.6,19.315
Oviedo,25-26,LaLiga,29,-34,4.5,4.0,0.0,0.0,4.0,2.7625
Real Betis,17-18,LaLiga,60,-1,71.8,60.3,0.0,30.0,38.5,45.9325
Real Sociedad,25-26,LaLiga,46,-2,41.7,58.2,0.0,100.0,21.5,42.4675
Levante,25-26,LaLiga,42,-14,26.6,25.1,0.0,30.0,5.2,19.802500000000002
Dep. La Coruna,16-17,LaLiga,36,-18,11.5,17.5,0.0,45.0,7.0,13.925
Granada,21-22,LaLiga,38,-17,14.5,18.5,0.0,15.0,19.04,12.225
Las Palmas,24-25,LaLiga,32,-21,7.5,13.0,0.0,30.0,4.0,9.662500000000001
Malaga,17-18,LaLiga,20,-37,0.5,3.0,0.0,30.0,17.5,4.1375
Celta Vigo,18-19,LaLiga,41,-9,21.6,40.2,0.0,30.0,30.0,23.085
Mallorca,21-22,LaLiga,39,-27,16.5,8.0,0.0,60.0,10.0,13.9625
Valladolid,22-23,LaLiga,40,-30,19.5,6.0,0.0,30.0,12.3,11.2875
Real Betis,16-17,LaLiga,39,-23,16.5,10.0,0.0,30.0,20.9,11.6125
Villarreal,23-24,LaLiga,53,0,60.8,62.3,35.0,30.0,11.0,51.7575
Granada,20-21,LaLiga,46,-18,41.7,17.5,35.0,60.0,23.5,33.99
Valencia,16-17,LaLiga,46,-9,41.7,40.2,0.0,45.0,36.0,31.117500000000003
Almeria,22-23,LaLiga,41,-16,21.6,21.1,0.0,0.0,37.08,13.877500000000001
Huesca,18-19,LaLiga,33,-22,8.5,12.0,0.0,30.0,9.0,9.662500000000001
Mallorca,19-20,LaLiga,33,-25,8.5,8.5,0.0,30.0,18.45,8.525
Alaves,21-22,LaLiga,31,-34,6.0,4.0,0.0,15.0,1.6,4.75
Levante,18-19,LaLiga,44,-7,37.6,46.2,0.0,45.0,26.3,31.735000000000003
Elche,22-23,LaLiga,25,-37,3.5,3.0,0.0,30.0,13.16,5.112500000000001
Celta Vigo,16-17,LaLiga,45,-16,39.6,21.1,45.0,75.0,8.4,38.477500000000006
Espanyol,22-23,LaLiga,37,-17,13.0,18.5,0.0,45.0,20.6,14.7375
Rayo Vallecano,18-19,LaLiga,32,-29,7.5,7.0,0.0,30.0,12.3,7.7125
Sporting Gijon,16-17,LaLiga,31,-30,6.0,6.0,0.0,30.0,1.0,6.9
Las Palmas,16-17,LaLiga,39,-21,16.5,13.0,0.0,45.0,2.9,14.0875
Las Palmas,17-18,LaLiga,22,-50,2.5,1.5,0.0,45.0,0.35,5.8
Almeria,23-24,LaLiga,21,-32,1.5,5.0,0.0,15.0,6.0,3.6125000000000003
Levante,21-22,LaLiga,35,-25,10.5,8.5,0.0,30.0,0.88,9.175
Dep. La Coruna,17-18,LaLiga,29,-38,4.5,2.5,0.0,30.0,9.5,5.275
Granada,23-24,LaLiga,21,-41,1.5,2.0,0.0,0.0,0.0,1.1375
Granada,16-17,LaLiga,20,-52,0.5,1.0,0.0,30.0,11.58,3.4875
Valladolid,24-25,LaLiga,16,-64,0.0,0.0,0.0,30.0,16.68,3.0
Osasuna,16-17,LaLiga,22,-54,2.5,0.5,0.0,45.0,2.2,5.475
Liverpool,18-19,Premier,97,67,98.4,97.4,100.0,0.0,192.2,88.635
Manchester City,22-23,Premier,89,61,95.4,95.9,100.0,100.0,155.0,97.17250000000001
Liverpool,21-22,Premier,92,68,96.9,98.4,90.0,100.0,89.0,95.9725
Manchester City,20-21,Premier,86,51,94.4,93.9,90.0,72.0,173.4,90.89750000000001
Manchester City,21-22,Premier,93,73,97.4,99.4,80.0,72.0,138.9,91.16000000000001
Arsenal,25-26,Premier,85,44,93.9,91.4,90.0,54.0,294.6,88.1225
Manchester City,17-18,Premier,100,79,100.0,100.0,70.0,36.0,317.5,86.1
Liverpool,17-18,Premier,75,46,87.9,93.4,90.0,18.0,173.65,83.22250000000001
Manchester City,18-19,Premier,98,72,98.9,98.9,70.0,100.0,78.59,91.78500000000001
Manchester City,23-24,Premier,91,62,96.4,96.4,70.0,90.0,259.6,89.16
Arsenal,23-24,Premier,89,62,95.4,96.4,70.0,0.0,235.1,79.83500000000001
Manchester City,19-20,Premier,81,67,91.4,97.4,70.0,72.0,169.82,86.06000000000002
Liverpool,19-20,Premier,99,52,99.4,94.4,60.0,36.0,10.4,81.58500000000001
Tottenham,18-19,Premier,71,28,83.4,83.9,90.0,18.0,0.0,78.6725
Chelsea,20-21,Premier,67,22,78.8,78.8,100.0,72.0,267.2,83.42
Arsenal,24-25,Premier,74,35,86.4,87.4,80.0,0.0,107.6,76.48500000000001
Chelsea,21-22,Premier,74,43,86.4,90.9,70.0,72.0,118.0,82.3225
Liverpool,24-25,Premier,84,45,92.9,91.9,60.0,18.0,42.0,76.86
Manchester City,25-26,Premier,78,42,90.4,90.4,60.0,100.0,301.8,83.76
Manchester Utd,17-18,Premier,81,40,91.4,89.4,60.0,90.0,198.4,82.76
Manchester City,16-17,Premier,78,41,90.4,89.9,60.0,72.0,216.25,80.7975
Tottenham,17-18,Premier,77,38,89.9,88.9,60.0,72.0,121.0,80.31000000000002
Tottenham,16-17,Premier,86,60,94.4,95.4,45.0,72.0,83.5,80.135
Arsenal,16-17,Premier,75,33,87.9,86.9,60.0,100.0,113.0,81.81
Liverpool,20-21,Premier,69,26,80.4,82.9,70.0,18.0,84.8,72.3725
Chelsea,18-19,Premier,72,24,85.9,81.4,65.0,36.0,208.8,74.2225
Manchester Utd,20-21,Premier,74,29,86.4,85.4,55.0,54.0,89.95,74.98500000000001
Manchester Utd,16-17,Premier,69,25,80.4,82.4,65.0,54.0,185.0,74.56
Chelsea,17-18,Premier,70,24,82.4,81.4,60.0,100.0,260.5,78.23500000000001
Liverpool,23-24,Premier,82,45,92.4,91.9,35.0,54.0,172.0,74.04750000000001
Liverpool,22-23,Premier,67,28,78.8,83.9,60.0,18.0,140.9,69.6775
Arsenal,18-19,Premier,70,22,82.4,78.8,55.0,18.0,80.15,67.94
Arsenal,22-23,Premier,84,45,92.9,91.9,25.0,18.0,186.2,68.11
Manchester City,24-25,Premier,71,28,83.4,83.9,45.0,90.0,243.0,74.6225
Manchester Utd,18-19,Premier,66,11,75.3,68.8,70.0,54.0,82.7,69.73250000000002
Manchester Utd,19-20,Premier,66,30,75.3,86.4,45.0,72.0,236.8,71.0025
Chelsea,19-20,Premier,66,15,75.3,73.3,60.0,72.0,45.0,70.495
Aston Villa,24-25,Premier,66,7,75.3,63.3,70.0,72.0,214.2,69.745
Chelsea,24-25,Premier,69,21,80.4,77.8,45.0,18.0,259.4,64.465
Liverpool,25-26,Premier,60,10,67.3,68.3,70.0,54.0,483.13,66.97
Aston Villa,25-26,Premier,65,7,73.8,63.3,65.0,18.0,70.5,62.607499999999995
Chelsea,16-17,Premier,93,52,97.4,94.4,0.0,72.0,132.8,69.53500000000001
Manchester Utd,22-23,Premier,75,15,87.9,73.3,35.0,90.0,242.5,70.14
Arsenal,17-18,Premier,63,23,72.8,79.8,45.0,0.0,152.85,60.845
Tottenham,19-20,Premier,59,14,64.8,72.3,60.0,36.0,150.5,63.1575
Newcastle,23-24,Premier,60,23,67.3,79.8,45.0,54.0,156.3,64.4575
Arsenal,20-21,Premier,61,16,69.3,75.3,45.0,18.0,86.0,60.044999999999995
Tottenham,22-23,Premier,60,7,67.3,63.3,60.0,36.0,181.7,61.045
Liverpool,16-17,Premier,76,36,89.4,88.4,0.0,18.0,79.9,59.585
Aston Villa,23-24,Premier,68,15,79.8,73.3,25.0,18.0,111.5,57.8075
Tottenham,21-22,Premier,71,29,83.4,85.4,5.0,36.0,95.9,59.71000000000001
Tottenham,20-21,Premier,62,23,71.3,79.8,25.0,36.0,110.5,58.9575
Manchester Utd,21-22,Premier,58,0,64.3,56.2,60.0,18.0,142.0,55.9625
Newcastle,22-23,Premier,71,35,83.4,87.4,0.0,0.0,189.1,55.510000000000005
Leicester City,20-21,Premier,66,18,75.3,75.8,20.0,100.0,59.4,64.1075
West Ham,21-22,Premier,56,9,61.3,66.8,45.0,36.0,74.5,56.4825
Chelsea,25-26,Premier,52,6,52.2,62.3,60.0,90.0,339.15,61.2125
Wolves,19-20,Premier,59,11,64.8,68.8,35.0,0.0,116.7,52.17
Manchester Utd,25-26,Premier,71,19,83.4,76.8,0.0,0.0,246.7,52.065
Manchester Utd,23-24,Premier,60,-1,67.3,54.2,45.0,100.0,212.7,60.737500000000004
Leicester City,19-20,Premier,62,26,71.3,82.9,0.0,54.0,104.3,55.51499999999999
Newcastle,24-25,Premier,66,21,75.3,77.8,0.0,36.0,68.2,53.3575
Arsenal,21-22,Premier,69,13,80.4,71.3,0.0,0.0,167.4,49.302499999999995
Newcastle,25-26,Premier,49,-2,47.2,51.7,60.0,36.0,278.85,50.74250000000001
Brighton,22-23,Premier,62,19,71.3,76.8,0.0,72.0,55.7,55.3325
West Ham,20-21,Premier,65,15,73.8,73.3,0.0,36.0,54.7,51.4075
Tottenham,23-24,Premier,66,13,75.3,71.3,0.0,18.0,275.1,49.445
Chelsea,23-24,Premier,63,14,72.8,72.3,0.0,72.0,448.1,54.3575
Everton,16-17,Premier,61,18,69.3,75.8,0.0,0.0,86.0,47.1575
Arsenal,19-20,Premier,56,8,61.3,65.3,20.0,100.0,160.8,56.144999999999996
Nottingham,24-25,Premier,65,12,73.8,69.8,0.0,72.0,105.5,53.870000000000005
Brentford,22-23,Premier,59,12,64.8,69.8,0.0,0.0,49.25,43.745
Leicester City,21-22,Premier,52,3,52.2,59.2,25.0,18.0,67.6,44.255
Brighton,24-25,Premier,61,7,69.3,63.3,0.0,54.0,281.45,48.495
Chelsea,22-23,Premier,44,-9,32.6,39.6,70.0,0.0,630.25,40.965
Aston Villa,22-23,Premier,61,5,69.3,61.8,0.0,0.0,113.0,42.6075
Bournemouth,24-25,Premier,56,12,61.3,69.8,0.0,54.0,145.17,48.0075
Leeds United,20-21,Premier,59,8,64.8,65.3,0.0,0.0,127.8,42.2825
Brentford,24-25,Premier,56,9,61.3,66.8,0.0,0.0,98.4,41.6325
Aston Villa,20-21,Premier,55,9,60.8,66.8,0.0,0.0,101.35,41.47
Tottenham,24-25,Premier,38,-1,17.5,54.2,65.0,18.0,185.35,41.3525
Bournemouth,25-26,Premier,57,4,63.3,60.8,0.0,0.0,181.1,40.332499999999996
Leicester City,16-17,Premier,44,-15,32.6,30.6,70.0,36.0,92.1,41.64000000000001
Everton,18-19,Premier,54,8,57.7,65.3,0.0,18.0,99.8,41.775
Wolves,18-19,Premier,57,1,63.3,58.2,0.0,72.0,117.5,46.68750000000001
Nottingham,25-26,Premier,44,-3,32.6,49.7,45.0,0.0,241.83,37.9975
Everton,20-21,Premier,59,-1,64.8,54.2,0.0,54.0,74.37,44.075
Brighton,25-26,Premier,53,6,56.2,62.3,0.0,18.0,82.0,40.3125
Tottenham,25-26,Premier,41,-9,26.1,39.6,60.0,0.0,265.6,36.352500000000006
Brentford,25-26,Premier,53,3,56.2,59.2,0.0,36.0,108.7,41.105000000000004
West Ham,23-24,Premier,52,-14,52.2,33.1,35.0,0.0,144.55,36.472500000000004
Manchester Utd,24-25,Premier,42,-10,29.6,38.1,55.0,36.0,249.4,39.3525
Fulham,24-25,Premier,54,0,57.7,56.2,0.0,54.0,91.55,42.417500000000004
Sheffield United,19-20,Premier,54,0,57.7,56.2,0.0,54.0,72.5,42.417500000000004
Crystal Palace,25-26,Premier,45,-10,37.1,38.1,45.0,0.0,145.0,35.69
Crystal Palace,24-25,Premier,53,0,56.2,56.2,0.0,100.0,91.9,46.53
Leicester City,18-19,Premier,52,3,52.2,59.2,0.0,0.0,114.6,36.205000000000005
Fulham,22-23,Premier,52,2,52.2,58.7,0.0,54.0,76.1,41.4425
Brighton,23-24,Premier,48,-7,45.2,43.7,25.0,36.0,106.85,38.7425
Burnley,17-18,Premier,54,-3,57.7,49.7,0.0,0.0,35.74,34.905
Crystal Palace,21-22,Premier,48,4,45.2,60.8,0.0,72.0,85.62,41.650000000000006
Sunderland,25-26,Premier,54,-6,57.7,46.2,0.0,36.0,213.44,37.36750000000001
Brighton,21-22,Premier,51,-2,51.2,51.7,0.0,18.0,75.58,35.2425
West Ham,18-19,Premier,52,-3,52.2,49.7,0.0,18.0,100.9,34.9175
Burnley,19-20,Premier,54,-7,57.7,43.7,0.0,18.0,23.85,34.755
Crystal Palace,23-24,Premier,49,-1,47.2,54.2,0.0,0.0,67.8,32.955000000000005
Fulham,25-26,Premier,52,-4,52.2,48.7,0.0,18.0,75.7,34.5925
Wolves,21-22,Premier,51,-5,51.2,48.2,0.0,18.0,37.6,34.105
Crystal Palace,18-19,Premier,49,-2,47.2,51.7,0.0,54.0,11.85,37.542500000000004
Southampton,16-17,Premier,46,-7,41.7,43.7,15.0,18.0,68.9,33.305
Everton,24-25,Premier,48,-2,45.2,51.7,0.0,18.0,50.64,33.292500000000004
Everton,25-26,Premier,49,-3,47.2,49.7,0.0,0.0,129.75,31.492500000000003
West Ham,22-23,Premier,40,-13,22.6,34.6,45.0,36.0,196.6,33.44
Watford,18-19,Premier,50,-7,50.7,43.7,0.0,90.0,30.1,39.68000000000001
Everton,17-18,Premier,49,-14,47.2,33.1,15.0,0.0,203.2,29.847500000000004
Leicester City,17-18,Premier,47,-4,43.7,48.7,0.0,54.0,83.85,35.43
Southampton,19-20,Premier,52,-9,52.2,39.6,0.0,18.0,61.5,31.635000000000005
Fulham,23-24,Premier,47,-6,43.7,46.2,0.0,18.0,73.17,31.017500000000002
Aston Villa,21-22,Premier,45,-2,37.1,51.7,0.0,0.0,129.8,28.860000000000003
Leeds United,25-26,Premier,47,-7,43.7,43.7,0.0,72.0,113.7,35.605000000000004
Brentford,21-22,Premier,46,-8,41.7,42.2,0.0,18.0,38.2,29.067500000000003
Everton,19-20,Premier,49,-12,47.2,36.6,0.0,0.0,121.0,27.235000000000003
Newcastle,18-19,Premier,45,-6,37.1,46.2,0.0,18.0,59.75,28.872500000000006
Bournemouth,23-24,Premier,48,-13,45.2,34.6,0.0,36.0,129.89,29.535000000000007
West Brom,16-17,Premier,45,-8,37.1,42.2,0.0,0.0,37.9,25.772500000000004
Bournemouth,16-17,Premier,46,-12,41.7,36.6,0.0,0.0,40.69,25.447500000000005
Crystal Palace,22-23,Premier,45,-9,37.1,39.6,0.0,0.0,46.6,24.927500000000002
Newcastle,17-18,Premier,44,-8,32.6,42.2,0.0,18.0,46.5,26.110000000000007
Newcastle,21-22,Premier,49,-18,47.2,26.1,0.0,0.0,138.5,23.822500000000005
Brighton,20-21,Premier,41,-6,26.1,46.2,0.0,36.0,54.6,27.097500000000007
Wolves,23-24,Premier,46,-15,41.7,30.6,0.0,54.0,94.0,28.897500000000008
Crystal Palace,17-18,Premier,44,-10,32.6,38.1,0.0,0.0,55.95,22.977500000000003
Bournemouth,18-19,Premier,45,-14,37.1,33.1,0.0,0.0,91.6,22.815
Wolves,20-21,Premier,45,-16,37.1,28.1,0.0,36.0,87.59,24.790000000000003
Newcastle,20-21,Premier,45,-16,37.1,28.1,0.0,0.0,38.75,21.19
West Ham,16-17,Premier,45,-17,37.1,27.1,0.0,0.0,83.5,20.865000000000002
Stoke City,16-17,Premier,44,-15,32.6,30.6,0.0,0.0,42.17,20.540000000000003
Crystal Palace,16-17,Premier,41,-13,26.1,34.6,0.0,18.0,101.2,21.527500000000003
Bournemouth,17-18,Premier,44,-16,32.6,28.1,0.0,0.0,34.3,19.727500000000003
Wolves,24-25,Premier,42,-15,29.6,30.6,0.0,36.0,119.4,23.165000000000003
Everton,23-24,Premier,40,-11,22.6,37.6,0.0,18.0,40.5,21.365000000000002
West Ham,24-25,Premier,43,-16,31.1,28.1,0.0,0.0,144.4,19.240000000000002
Brentford,23-24,Premier,39,-9,19.0,39.6,0.0,0.0,72.35,19.045
Brighton,19-20,Premier,41,-15,26.1,30.6,0.0,0.0,61.74,18.427500000000002
Crystal Palace,19-20,Premier,43,-19,31.1,24.1,0.0,0.0,7.6,17.94
Newcastle,19-20,Premier,44,-20,32.6,21.6,0.0,54.0,72.4,23.015
West Ham,19-20,Premier,39,-13,19.0,34.6,0.0,18.0,119.8,19.220000000000002
Southampton,20-21,Premier,43,-21,31.1,21.1,0.0,72.0,37.3,24.165
West Ham,17-18,Premier,42,-20,29.6,21.6,0.0,18.0,56.8,18.44
Burnley,16-17,Premier,40,-16,22.6,28.1,0.0,36.0,45.6,20.077500000000004
Crystal Palace,20-21,Premier,44,-25,32.6,16.0,0.0,0.0,32.4,15.795000000000002
Watford,17-18,Premier,41,-20,26.1,21.6,0.0,18.0,73.4,17.302500000000002
Brighton,17-18,Premier,40,-20,22.6,21.6,0.0,54.0,70.0,19.765
West Ham,25-26,Premier,39,-19,19.0,24.1,0.0,54.0,208.35,19.4075
Swansea City,16-17,Premier,41,-25,26.1,16.0,0.0,0.0,58.1,13.682500000000001
Burnley,18-19,Premier,40,-23,22.6,19.0,0.0,18.0,33.0,15.320000000000002
Southampton,21-22,Premier,40,-24,22.6,18.5,0.0,54.0,63.4,18.7575
Southampton,18-19,Premier,39,-20,19.0,21.6,0.0,0.0,62.25,13.195
Wolves,22-23,Premier,41,-27,26.1,14.0,0.0,0.0,179.51,13.0325
Southampton,17-18,Premier,36,-19,15.5,24.1,0.0,72.0,61.25,20.07
Burnley,20-21,Premier,39,-22,19.0,20.6,0.0,0.0,1.1,12.870000000000001
Leicester City,22-23,Premier,34,-17,12.0,27.1,0.0,36.0,49.0,16.3075
Burnley,21-22,Premier,35,-19,14.5,24.1,0.0,0.0,49.4,12.545000000000002
Everton,21-22,Premier,39,-23,19.0,19.0,0.0,54.0,39.5,17.75
Nottingham,23-24,Premier,32,-18,10.5,26.1,0.0,36.0,131.63,15.495000000000001
Watford,16-17,Premier,40,-28,22.6,12.5,0.0,18.0,70.45,13.207500000000001
Everton,22-23,Premier,36,-23,15.5,19.0,0.0,0.0,83.07,11.2125
Brighton,18-19,Premier,36,-25,15.5,16.0,0.0,72.0,90.62,17.4375
Aston Villa,19-20,Premier,35,-26,14.5,14.5,0.0,0.0,159.5,9.425
Nottingham,22-23,Premier,38,-30,17.5,11.0,0.0,0.0,198.35,9.262500000000001
Bournemouth,22-23,Premier,39,-34,19.0,9.5,0.0,0.0,93.4,9.262500000000001
Huddersfield,17-18,Premier,37,-30,17.0,11.0,0.0,36.0,56.75,12.7
Bournemouth,19-20,Premier,34,-25,12.0,16.0,0.0,18.0,54.91,10.9
West Brom,17-18,Premier,31,-25,9.5,16.0,0.0,36.0,53.5,11.8875
Watford,19-20,Premier,34,-28,12.0,12.5,0.0,0.0,56.0,7.9625
Leeds United,21-22,Premier,38,-37,17.5,7.0,0.0,0.0,59.3,7.9625
Swansea City,17-18,Premier,33,-28,11.0,12.5,0.0,54.0,73.39,13.037500000000001
Middlesbrough,16-17,Premier,28,-26,8.5,14.5,0.0,54.0,47.95,12.875
Fulham,20-21,Premier,28,-26,8.5,14.5,0.0,18.0,37.25,9.275
Cardiff City,18-19,Premier,34,-35,12.0,9.0,0.0,0.0,51.2,6.825
Stoke City,17-18,Premier,33,-33,11.0,10.0,0.0,0.0,57.7,6.825
Leeds United,22-23,Premier,31,-30,9.5,11.0,0.0,36.0,163.89,10.262500000000001
Luton Town,23-24,Premier,26,-33,7.0,10.0,0.0,36.0,25.9,9.125
Hull City,16-17,Premier,34,-43,12.0,4.0,0.0,18.0,40.0,7.0
Southampton,22-23,Premier,25,-37,6.0,7.0,0.0,36.0,154.21,7.825000000000001
West Brom,20-21,Premier,26,-41,7.0,5.5,0.0,0.0,42.14,4.0625
Burnley,23-24,Premier,24,-37,5.0,7.0,0.0,0.0,111.05,3.9000000000000004
Sunderland,16-17,Premier,24,-40,5.0,6.5,0.0,0.0,41.9,3.7375000000000003
Burnley,25-26,Premier,22,-37,2.5,7.0,0.0,18.0,131.5,4.8875
Fulham,18-19,Premier,26,-47,7.0,2.5,0.0,0.0,116.5,3.0875
Leicester City,24-25,Premier,25,-47,6.0,2.5,0.0,18.0,90.05,4.5625
Sheffield United,20-21,Premier,23,-43,4.0,4.0,0.0,54.0,62.7,8.0
Watford,21-22,Premier,23,-43,4.0,4.0,0.0,0.0,43.5,2.6
Wolves,25-26,Premier,20,-41,1.5,5.5,0.0,36.0,149.1,5.875
Ipswich Town,24-25,Premier,22,-46,2.5,3.5,0.0,36.0,152.59,5.550000000000001
Norwich City,19-20,Premier,21,-49,2.0,2.0,0.0,54.0,8.82,6.7
Norwich City,21-22,Premier,22,-61,2.5,0.5,0.0,36.0,63.55,4.575
Huddersfield,18-19,Premier,16,-54,0.5,1.5,0.0,0.0,50.7,0.65
Southampton,24-25,Premier,12,-60,0.0,1.0,0.0,18.0,126.4,2.125
Sheffield United,23-24,Premier,16,-69,0.5,0.0,0.0,18.0,66.95,1.9625000000000001
